size,algo,modelingtime,encdatabasetime,encqueriestime,buildtime,querytime,params,recall
100M,lmi,668.9919192790985,297.61449360847473,0.07810640335083008,4836.345477342606,10.095814943313599,t3-100M-epochs=15-lr=0.00098-sample=1000000-alpha=1.0-chunk_size=500000-reduced_dim=240-nprobe=2,0.47274
100M,lmi,0.0,0.0,0.0,3644.4502398967743,600.4824271202087,t1-100M-epochs=15-lr=0.00098-sample=1000000-alpha=1.0-chunk_size=1000000-nprobe=22,0.9502666666666667
100M,lmi,0.0,0.0,0.0,3644.4502398967743,669.1319794654846,t1-100M-epochs=15-lr=0.00098-sample=1000000-alpha=1.0-chunk_size=1000000-nprobe=27,0.9575933333333333
100M,lmi,0.0,0.0,0.0,3644.4502398967743,342.6916699409485,t1-100M-epochs=15-lr=0.00098-sample=1000000-alpha=1.0-chunk_size=1000000-nprobe=11,0.9129733333333333
100M,lmi,0.0,0.0,0.0,3644.4502398967743,463.654664516449,t1-100M-epochs=15-lr=0.00098-sample=1000000-alpha=1.0-chunk_size=1000000-nprobe=18,0.9414833333333333
100M,lmi,0.0,0.0,0.0,3644.4502398967743,733.1174986362457,t1-100M-epochs=15-lr=0.00098-sample=1000000-alpha=1.0-chunk_size=1000000-nprobe=29,0.9601633333333334
100M,lmi,0.0,0.0,0.0,3644.4502398967743,319.42804193496704,t1-100M-epochs=15-lr=0.00098-sample=1000000-alpha=1.0-chunk_size=1000000-nprobe=10,0.9056666666666666
100M,lmi,0.0,0.0,0.0,3644.4502398967743,575.5236511230469,t1-100M-epochs=15-lr=0.00098-sample=1000000-alpha=1.0-chunk_size=1000000-nprobe=23,0.9518966666666666
100M,lmi,0.0,0.0,0.0,3644.4502398967743,398.9616792201996,t1-100M-epochs=15-lr=0.00098-sample=1000000-alpha=1.0-chunk_size=1000000-nprobe=15,0.93226
100M,lmi,0.0,0.0,0.0,3644.4502398967743,611.3738269805908,t1-100M-epochs=15-lr=0.00098-sample=1000000-alpha=1.0-chunk_size=1000000-nprobe=25,0.9551366666666666
100M,lmi,0.0,0.0,0.0,3644.4502398967743,63.90160059928894,t1-100M-epochs=15-lr=0.00098-sample=1000000-alpha=1.0-chunk_size=1000000-nprobe=4,0.81382
100M,lmi,0.0,0.0,0.0,3644.4502398967743,685.4159286022186,t1-100M-epochs=15-lr=0.00098-sample=1000000-alpha=1.0-chunk_size=1000000-nprobe=28,0.9588366666666667
100M,lmi,0.0,0.0,0.0,3644.4502398967743,110.52305936813354,t1-100M-epochs=15-lr=0.00098-sample=1000000-alpha=1.0-chunk_size=1000000-nprobe=6,0.8616933333333333
100M,lmi,0.0,0.0,0.0,3644.4502398967743,509.7910621166229,t1-100M-epochs=15-lr=0.00098-sample=1000000-alpha=1.0-chunk_size=1000000-nprobe=19,0.944
100M,lmi,0.0,0.0,0.0,3644.4502398967743,449.3078045845032,t1-100M-epochs=15-lr=0.00098-sample=1000000-alpha=1.0-chunk_size=1000000-nprobe=16,0.9357433333333334
100M,lmi,0.0,0.0,0.0,3644.4502398967743,443.37525725364685,t1-100M-epochs=15-lr=0.00098-sample=1000000-alpha=1.0-chunk_size=1000000-nprobe=20,0.9462566666666666
100M,lmi,0.0,0.0,0.0,3644.4502398967743,162.85285925865173,t1-100M-epochs=15-lr=0.00098-sample=1000000-alpha=1.0-chunk_size=1000000-nprobe=8,0.8881333333333333
100M,lmi,0.0,0.0,0.0,3644.4502398967743,94.58190298080444,t1-100M-epochs=15-lr=0.00098-sample=1000000-alpha=1.0-chunk_size=1000000-nprobe=5,0.8417733333333334
100M,lmi,0.0,0.0,0.0,3644.4502398967743,536.1974155902863,t1-100M-epochs=15-lr=0.00098-sample=1000000-alpha=1.0-chunk_size=1000000-nprobe=17,0.9387333333333333
100M,lmi,0.0,0.0,0.0,3644.4502398967743,403.575802564621,t1-100M-epochs=15-lr=0.00098-sample=1000000-alpha=1.0-chunk_size=1000000-nprobe=13,0.9236466666666666
100M,lmi,0.0,0.0,0.0,3644.4502398967743,21.26449751853943,t1-100M-epochs=15-lr=0.00098-sample=1000000-alpha=1.0-chunk_size=1000000-nprobe=2,0.7023766666666666
100M,lmi,0.0,0.0,0.0,3644.4502398967743,154.94586443901062,t1-100M-epochs=15-lr=0.00098-sample=1000000-alpha=1.0-chunk_size=1000000-nprobe=7,0.8768733333333333
100M,lmi,0.0,0.0,0.0,3644.4502398967743,284.1208550930023,t1-100M-epochs=15-lr=0.00098-sample=1000000-alpha=1.0-chunk_size=1000000-nprobe=9,0.8975133333333334
100M,lmi,0.0,0.0,0.0,3644.4502398967743,30.434311866760254,t1-100M-epochs=15-lr=0.00098-sample=1000000-alpha=1.0-chunk_size=1000000-nprobe=3,0.7726
100M,lmi,0.0,0.0,0.0,3644.4502398967743,11.064854621887207,t1-100M-epochs=15-lr=0.00098-sample=1000000-alpha=1.0-chunk_size=1000000-nprobe=1,0.5506066666666667
100M,lmi,0.0,0.0,0.0,3644.4502398967743,770.9818699359894,t1-100M-epochs=15-lr=0.00098-sample=1000000-alpha=1.0-chunk_size=1000000-nprobe=30,0.9613233333333333
100M,lmi,0.0,0.0,0.0,3644.4502398967743,426.59500885009766,t1-100M-epochs=15-lr=0.00098-sample=1000000-alpha=1.0-chunk_size=1000000-nprobe=14,0.9281833333333334
100M,lmi,0.0,0.0,0.0,3644.4502398967743,342.1988844871521,t1-100M-epochs=15-lr=0.00098-sample=1000000-alpha=1.0-chunk_size=1000000-nprobe=12,0.91866
100M,lmi,0.0,0.0,0.0,3644.4502398967743,555.3546769618988,t1-100M-epochs=15-lr=0.00098-sample=1000000-alpha=1.0-chunk_size=1000000-nprobe=24,0.9536266666666666
100M,lmi,0.0,0.0,0.0,3644.4502398967743,721.1907591819763,t1-100M-epochs=15-lr=0.00098-sample=1000000-alpha=1.0-chunk_size=1000000-nprobe=26,0.9563366666666666
100M,lmi,0.0,0.0,0.0,3644.4502398967743,581.3461294174194,t1-100M-epochs=15-lr=0.00098-sample=1000000-alpha=1.0-chunk_size=1000000-nprobe=21,0.9483766666666666
300K,lmi,0.0,0.0,0.0,36.709550857543945,21.63503384590149,t1-300K-epochs=15-lr=0.00098-sample=100000-alpha=1.0-chunk_size=100000-nprobe=11,0.9030333333333334
300K,lmi,0.0,0.0,0.0,36.709550857543945,14.436599731445312,t1-300K-epochs=15-lr=0.00098-sample=100000-alpha=1.0-chunk_size=100000-nprobe=7,0.8605633333333333
300K,lmi,0.0,0.0,0.0,36.709550857543945,12.858862161636353,t1-300K-epochs=15-lr=0.00098-sample=100000-alpha=1.0-chunk_size=100000-nprobe=6,0.8443566666666666
300K,lmi,0.0,0.0,0.0,36.709550857543945,15.396402597427368,t1-300K-epochs=15-lr=0.00098-sample=100000-alpha=1.0-chunk_size=100000-nprobe=8,0.8746033333333333
300K,lmi,0.0,0.0,0.0,36.709550857543945,40.58830547332764,t1-300K-epochs=15-lr=0.00098-sample=100000-alpha=1.0-chunk_size=100000-nprobe=23,0.95049
300K,lmi,0.0,0.0,0.0,36.709550857543945,50.31361389160156,t1-300K-epochs=15-lr=0.00098-sample=100000-alpha=1.0-chunk_size=100000-nprobe=29,0.9609466666666666
300K,lmi,0.0,0.0,0.0,36.709550857543945,31.43067455291748,t1-300K-epochs=15-lr=0.00098-sample=100000-alpha=1.0-chunk_size=100000-nprobe=16,0.9301166666666667
300K,lmi,0.0,0.0,0.0,36.709550857543945,26.72925353050232,t1-300K-epochs=15-lr=0.00098-sample=100000-alpha=1.0-chunk_size=100000-nprobe=14,0.9213433333333333
300K,lmi,0.0,0.0,0.0,36.709550857543945,5.63457179069519,t1-300K-epochs=15-lr=0.00098-sample=100000-alpha=1.0-chunk_size=100000-nprobe=2,0.6685733333333334
300K,lmi,0.0,0.0,0.0,36.709550857543945,30.06293296813965,t1-300K-epochs=15-lr=0.00098-sample=100000-alpha=1.0-chunk_size=100000-nprobe=17,0.9339
300K,lmi,0.0,0.0,0.0,36.709550857543945,3.4797487258911133,t1-300K-epochs=15-lr=0.00098-sample=100000-alpha=1.0-chunk_size=100000-nprobe=1,0.50869
300K,lmi,0.0,0.0,0.0,36.709550857543945,40.88026690483093,t1-300K-epochs=15-lr=0.00098-sample=100000-alpha=1.0-chunk_size=100000-nprobe=24,0.9525466666666667
300K,lmi,0.0,0.0,0.0,36.709550857543945,17.890403985977173,t1-300K-epochs=15-lr=0.00098-sample=100000-alpha=1.0-chunk_size=100000-nprobe=9,0.8856033333333333
300K,lmi,0.0,0.0,0.0,36.709550857543945,9.521080255508423,t1-300K-epochs=15-lr=0.00098-sample=100000-alpha=1.0-chunk_size=100000-nprobe=4,0.7904266666666667
300K,lmi,0.0,0.0,0.0,36.709550857543945,52.576661825180054,t1-300K-epochs=15-lr=0.00098-sample=100000-alpha=1.0-chunk_size=100000-nprobe=30,0.96228
300K,lmi,0.0,0.0,0.0,36.709550857543945,21.634974241256714,t1-300K-epochs=15-lr=0.00098-sample=100000-alpha=1.0-chunk_size=100000-nprobe=12,0.91004
300K,lmi,0.0,0.0,0.0,36.709550857543945,39.11879277229309,t1-300K-epochs=15-lr=0.00098-sample=100000-alpha=1.0-chunk_size=100000-nprobe=21,0.9460966666666667
300K,lmi,0.0,0.0,0.0,36.709550857543945,11.33086109161377,t1-300K-epochs=15-lr=0.00098-sample=100000-alpha=1.0-chunk_size=100000-nprobe=5,0.8221066666666667
300K,lmi,0.0,0.0,0.0,36.709550857543945,46.944666624069214,t1-300K-epochs=15-lr=0.00098-sample=100000-alpha=1.0-chunk_size=100000-nprobe=28,0.9593533333333333
300K,lmi,0.0,0.0,0.0,36.709550857543945,37.53255534172058,t1-300K-epochs=15-lr=0.00098-sample=100000-alpha=1.0-chunk_size=100000-nprobe=22,0.9484666666666667
300K,lmi,0.0,0.0,0.0,36.709550857543945,27.550110340118408,t1-300K-epochs=15-lr=0.00098-sample=100000-alpha=1.0-chunk_size=100000-nprobe=15,0.9256133333333333
300K,lmi,0.0,0.0,0.0,36.709550857543945,24.68329644203186,t1-300K-epochs=15-lr=0.00098-sample=100000-alpha=1.0-chunk_size=100000-nprobe=13,0.91621
300K,lmi,0.0,0.0,0.0,36.709550857543945,47.5521137714386,t1-300K-epochs=15-lr=0.00098-sample=100000-alpha=1.0-chunk_size=100000-nprobe=27,0.9577533333333333
300K,lmi,0.0,0.0,0.0,36.709550857543945,19.76968288421631,t1-300K-epochs=15-lr=0.00098-sample=100000-alpha=1.0-chunk_size=100000-nprobe=10,0.8947433333333333
300K,lmi,0.0,0.0,0.0,36.709550857543945,34.64296317100525,t1-300K-epochs=15-lr=0.00098-sample=100000-alpha=1.0-chunk_size=100000-nprobe=19,0.94057
300K,lmi,0.0,0.0,0.0,36.709550857543945,38.55577731132507,t1-300K-epochs=15-lr=0.00098-sample=100000-alpha=1.0-chunk_size=100000-nprobe=20,0.9433933333333333
300K,lmi,0.0,0.0,0.0,36.709550857543945,43.23335909843445,t1-300K-epochs=15-lr=0.00098-sample=100000-alpha=1.0-chunk_size=100000-nprobe=25,0.9544366666666667
300K,lmi,0.0,0.0,0.0,36.709550857543945,32.43097686767578,t1-300K-epochs=15-lr=0.00098-sample=100000-alpha=1.0-chunk_size=100000-nprobe=18,0.9374466666666667
300K,lmi,0.0,0.0,0.0,36.709550857543945,7.6033289432525635,t1-300K-epochs=15-lr=0.00098-sample=100000-alpha=1.0-chunk_size=100000-nprobe=3,0.7451533333333333
300K,lmi,0.0,0.0,0.0,36.709550857543945,44.35057473182678,t1-300K-epochs=15-lr=0.00098-sample=100000-alpha=1.0-chunk_size=100000-nprobe=26,0.95613
100M,lmi,408.4073884487152,344.68189907073975,0.0669095516204834,6744.211916208267,2551.4849314689636,t2-100M-epochs=15-lr=0.00098-sample=1000000-alpha=1.0-chunk_size=100000-ncandidates=1000-reduced_dim=135-nprobe=65,0.8025366666666667
100M,lmi,407.7457423210144,347.5337519645691,0.10684657096862793,6326.438538789749,2150.343601465225,t2-100M-epochs=15-lr=0.00098-sample=1000000-alpha=1.0-chunk_size=100000-ncandidates=1000-reduced_dim=135-nprobe=20,0.79416
100M,lmi,408.4073884487152,344.68189907073975,0.0669095516204834,6744.211916208267,2572.0430212020874,t2-100M-epochs=15-lr=0.00098-sample=1000000-alpha=1.0-chunk_size=100000-ncandidates=1000-reduced_dim=135-nprobe=90,0.8030233333333333
100M,lmi,408.4073884487152,344.68189907073975,0.0669095516204834,6744.211916208267,2552.3345363140106,t2-100M-epochs=15-lr=0.00098-sample=1000000-alpha=1.0-chunk_size=100000-ncandidates=1000-reduced_dim=135-nprobe=80,0.8029133333333334
100M,lmi,408.4073884487152,344.68189907073975,0.0669095516204834,6744.211916208267,2688.061688184738,t2-100M-epochs=15-lr=0.00098-sample=1000000-alpha=1.0-chunk_size=100000-ncandidates=1000-reduced_dim=135-nprobe=50,0.80142
100M,lmi,408.4073884487152,344.68189907073975,0.0669095516204834,6744.211916208267,2709.369220972061,t2-100M-epochs=15-lr=0.00098-sample=1000000-alpha=1.0-chunk_size=100000-ncandidates=1000-reduced_dim=135-nprobe=40,0.80026
100M,lmi,407.7457423210144,347.5337519645691,0.10684657096862793,6326.438538789749,2477.3259608745575,t2-100M-epochs=15-lr=0.00098-sample=1000000-alpha=1.0-chunk_size=100000-ncandidates=1000-reduced_dim=135-nprobe=25,0.79714
100M,lmi,431.95802760124207,381.1257960796356,0.09251570701599121,6885.66424536705,2385.3028240203857,t2-100M-epochs=15-lr=0.00098-sample=1000000-alpha=1.0-chunk_size=100000-ncandidates=1000-reduced_dim=135-nprobe=10,0.7783166666666667
100M,lmi,408.4073884487152,344.68189907073975,0.0669095516204834,6744.211916208267,2549.281245946884,t2-100M-epochs=15-lr=0.00098-sample=1000000-alpha=1.0-chunk_size=100000-ncandidates=1000-reduced_dim=135-nprobe=70,0.80275
100M,lmi,408.4073884487152,344.68189907073975,0.0669095516204834,6744.211916208267,2718.654396057129,t2-100M-epochs=15-lr=0.00098-sample=1000000-alpha=1.0-chunk_size=100000-ncandidates=1000-reduced_dim=135-nprobe=35,0.79962
100M,lmi,408.4073884487152,344.68189907073975,0.0669095516204834,6744.211916208267,2591.6479234695435,t2-100M-epochs=15-lr=0.00098-sample=1000000-alpha=1.0-chunk_size=100000-ncandidates=1000-reduced_dim=135-nprobe=100,0.8030633333333334
100M,lmi,408.4073884487152,344.68189907073975,0.0669095516204834,6744.211916208267,2713.3576045036316,t2-100M-epochs=15-lr=0.00098-sample=1000000-alpha=1.0-chunk_size=100000-ncandidates=1000-reduced_dim=135-nprobe=55,0.8018966666666667
100M,lmi,407.7457423210144,347.5337519645691,0.10684657096862793,6326.438538789749,2094.05846619606,t2-100M-epochs=15-lr=0.00098-sample=1000000-alpha=1.0-chunk_size=100000-ncandidates=1000-reduced_dim=135-nprobe=15,0.7889966666666667
100M,lmi,431.95802760124207,381.1257960796356,0.09251570701599121,6885.66424536705,2329.9740319252014,t2-100M-epochs=15-lr=0.00098-sample=1000000-alpha=1.0-chunk_size=100000-ncandidates=1000-reduced_dim=135-nprobe=1,0.5250633333333333
100M,lmi,408.4073884487152,344.68189907073975,0.0669095516204834,6744.211916208267,2703.4818906784058,t2-100M-epochs=15-lr=0.00098-sample=1000000-alpha=1.0-chunk_size=100000-ncandidates=1000-reduced_dim=135-nprobe=60,0.8022766666666666
100M,lmi,408.4073884487152,344.68189907073975,0.0669095516204834,6744.211916208267,2704.21120595932,t2-100M-epochs=15-lr=0.00098-sample=1000000-alpha=1.0-chunk_size=100000-ncandidates=1000-reduced_dim=135-nprobe=30,0.7986533333333333
100M,lmi,431.95802760124207,381.1257960796356,0.09251570701599121,6885.66424536705,2315.322738647461,t2-100M-epochs=15-lr=0.00098-sample=1000000-alpha=1.0-chunk_size=100000-ncandidates=1000-reduced_dim=135-nprobe=5,0.7447566666666666
100M,lmi,408.4073884487152,344.68189907073975,0.0669095516204834,6744.211916208267,2713.147478580475,t2-100M-epochs=15-lr=0.00098-sample=1000000-alpha=1.0-chunk_size=100000-ncandidates=1000-reduced_dim=135-nprobe=45,0.8008466666666667
